bookid,title,image_url,authors,subjects,isbn,publisher,ratings,rating_count
1,Introduction to algorithms,https://images-na.ssl-images-amazon.com/images/P/8120321413.01.TZZZZZZZ.jpg,"Cormen, Thomas H | Leiserson, Charles E | Rivest, Ronald L",Computer programming | Computer algorithms | Data structures | Computer science,9.78812E+12,New Delhi : PHI Learning,0,0
2,Data structures and algorithms,https://images-na.ssl-images-amazon.com/images/P/8177588265.01.TZZZZZZZ.jpg,"Aho, Alfred V | Hopcroft, John E | Ullman, Jeffrey D",Data structures (Computer science) | Computer algorithms,9.78818E+12,New Delhi : Pearson,0,0
3,Introduction to parallel computing,https://images-na.ssl-images-amazon.com/images/P/8131708071.01.TZZZZZZZ.jpg,"Grama, Ananth",Parallel processing (Electronic computers) | Parallel algorithms,9.78813E+12,New Delhi : Pearson Education,0,0
4,Design patterns : elements of reusable object-oriented software,https://images-na.ssl-images-amazon.com/images/P/9332555400.01.TZZZZZZZ.jpg,"Gamma, Erich | Helm, Richard | Johnson, Ralph | Vlissides, John",Object-oriented programming (Computer science) | Computer software -- Reusability | Software patterns,9.78933E+12,New Delhi. : Pearson,0,0
5,Programming languages : concepts and constructs,https://images-na.ssl-images-amazon.com/images/P/0201590654.01.TZZZZZZZ.jpg,"Sethi, Ravi",Programming languages (Electronic computers),9.7802E+12,Reading Mass. : Addison-Wesley,0,0
6,Principles of model checking,https://images-na.ssl-images-amazon.com/images/P/026202649X.01.TZZZZZZZ.jpg,"Baier, Christel | Katoen, Joost-Pieter",Computer systems -- Verification | Computer software -- Verification,9.78026E+12,Cambridge : MIT Press,0,0
7,Model checking,https://images-na.ssl-images-amazon.com/images/P/0262032708.01.TZZZZZZZ.jpg,"Clarke, E. M | Grumberg, Orna | Peled, Doron",Computer systems -- Verification,262032708,Cambridge : MIT Press,0,0
8,Pattern classification,https://images-na.ssl-images-amazon.com/images/P/8126511168.01.TZZZZZZZ.jpg,"Duda, Richard O | Hart, Peter E | Stork, David G",Pattern recognition systems | Statistical decision,9.78813E+12,New Delhi : Wiley,0,0
9,Neural networks : a comprehensive foundation,https://images-na.ssl-images-amazon.com/images/P/8177588524.01.TZZZZZZZ.jpg,"Haykin, Simon S",Neural networks (Computer science),9.78818E+12,Upper Saddle River N.J. : Prentice Hall,0,0
10,Artificial intelligence : a modern approach,https://images-na.ssl-images-amazon.com/images/P/8177583670.01.TZZZZZZZ.jpg,"Russell, Stuart J. (Stuart Jonathan) | Norvig, Peter",Artificial intelligence,9.78818E+12,New Delhi : Pearson,0,0
11,"Cyber forensics : a field manual for collecting, examining, and preserving evidence of computer crimes  ",https://images-na.ssl-images-amazon.com/images/P/0849383285.01.TZZZZZZZ.jpg,"Marcella, Albert J | Menendez, Doug","Computer crimes -- Investigation -- Handbooks, manuals, etc",9.78085E+12,New York : Auerbach Publications,0,0
12,The age of spiritual machines : when computers exceed human intelligence,https://images-na.ssl-images-amazon.com/images/P/0140282025.01.TZZZZZZZ.jpg,"Kurzweil, Ray",Artificial intelligence | Computers,9.78014E+12,New York : Viking,0,0
13,Handbook of biometrics,https://images-na.ssl-images-amazon.com/images/P/038771040X.01.TZZZZZZZ.jpg,"Jain, Anil K | Flynn, Patrick | Ross, Arun A",Biometric identification | Pattern recognition systems | Identification -- Automation,9.78039E+12,New York : Springer,0,0
14,"Reliable face recognition methods : system design, implementation and evaluation  ",https://images-na.ssl-images-amazon.com/images/P/038722372X.01.TZZZZZZZ.jpg,"Wechsler, Harry",Human face recognition (Computer science) | Biometric identification,9.78039E+12,New York : Springer,0,0
15,Handbook of face recognition,https://images-na.ssl-images-amazon.com/images/P/038740595X.01.TZZZZZZZ.jpg,"Li, S. Z | Jain, Anil K",Human face recognition (Computer science),9.78039E+12,New York : Springer,0,0
16,Handbook of multibiometrics,https://images-na.ssl-images-amazon.com/images/P/0387222960.01.TZZZZZZZ.jpg,"Ross, Arun A | Nandakumar, Karthik | Jain, Anil K",Biometric identification,9.78039E+12,New York: Springer,0,0
17,"Biometric systems : technology, design, and performance evaluation  ",https://images-na.ssl-images-amazon.com/images/P/1852335963.01.TZZZZZZZ.jpg,"Wayman, James",Biometric identification,9.78185E+12,London : Springer,0,0
18,Introduction to computer theory,https://images-na.ssl-images-amazon.com/images/P/0471137723.01.TZZZZZZZ.jpg,"Cohen, Daniel I. A",Computer Science and Engineering | Electronic digital computers | Computer language | Automata theory,9.78047E+12,New York : Wiley,0,0
19,"Reactive systems : modelling, specification and verification  ",https://images-na.ssl-images-amazon.com/images/P/0521875463.01.TZZZZZZZ.jpg,"Aceto, Luca | Anna Ingólfsdóttir | Larsen, K. G | Srba, Jiřiʹ",Expert systems (Computer science) -- Validation | Expert systems (Computer science) -- Verification | System design -- Mathematical models,9.78052E+12,New Delhi ; New York : Cambridge University Press,0,0
20,Distributed algorithms,https://images-na.ssl-images-amazon.com/images/P/1558603484.01.TZZZZZZZ.jpg,"Lynch, Nancy A",Computer algorithms | Electronic data processing -- Distributed processing,1558603484,New Delhi. : Morgan Kaufmann,0,0
21,Spin model checker : primer and reference manual,https://images-na.ssl-images-amazon.com/images/P/0321228626.01.TZZZZZZZ.jpg,"Holzmann, Gerard J",Systems engineering -- Mathematical models | Computer programs -- Testing,321228626,Boston : Addison-Wesley,0,0
22,Distributed systems : principles and paradigms,https://images-na.ssl-images-amazon.com/images/P/8120334981.01.TZZZZZZZ.jpg,"Tanenbaum, Andrew S | Steen, Maarten van",Electronic data processing -- Distributed processing | Distributed operating systems (Computers),9.78812E+12,New Delhi : Pearson/Prentice Hall,0,0
23,Database system concepts,https://images-na.ssl-images-amazon.com/images/P/007124476X.01.TZZZZZZZ.jpg,"Silberschatz, Abraham | Korth, Henry F | Sudarshan, S",Database management | Databases | Data Warehousing | Data Mining,9.78007E+12,New York : McGraw Hill,0,0
24,Fundamentals of database systems,https://images-na.ssl-images-amazon.com/images/P/8131716252.01.TZZZZZZZ.jpg,"Elmasri, Ramez | Navathe, Sham",Database management,9.78813E+12,Boston : Pearson,0,0
25,Database management systems,https://images-na.ssl-images-amazon.com/images/P/007123151X.01.TZZZZZZZ.jpg,"Ramakrishnan, Raghu | Gehrke, Johannes",Database management,9.78007E+12,Boston : McGraw Hill Education,0,0
26,"Transactional information systems : theory, algorithms, and the practice of concurrency control and recovery  ",https://images-na.ssl-images-amazon.com/images/P/1558605088.01.TZZZZZZZ.jpg,"Weikum, Gerhard | Vossen, Gottfried",Transaction systems (Computer systems),9.78156E+12,San Francisco : Morgan Kaufmann,0,0
27,Transaction processing : concepts and techniques,https://images-na.ssl-images-amazon.com/images/P/1558601902.01.TZZZZZZZ.jpg,"Gray, Jim | Reuter, A",Transaction systems (Computer systems),9.78156E+12,San Mateo Calif. : Morgan Kaufmann,0,0
28,Data mining : concepts and techniques,https://images-na.ssl-images-amazon.com/images/P/1558609016.01.TZZZZZZZ.jpg,"Han, Jiawei | Kamber, Micheline",Data mining | Exploration de données (Informatique),9.78156E+12,New Delhi : Morgan Kaufmann,0,0
29,Data mining : practical machine learning tools and techniques,https://images-na.ssl-images-amazon.com/images/P/8131200507.01.TZZZZZZZ.jpg,"Witten, I. H | Frank, Eibe",Data mining,9.78813E+12,Amsterdam ; Morgan Kaufmann,0,0
30,Introduction to data mining,https://images-na.ssl-images-amazon.com/images/P/8131714721.01.TZZZZZZZ.jpg,"Tan, Pang-Ning | Steinbach, Michael | Kumar, Vipin",Data mining,9.78813E+12,New Delhi : Pearson,0,0
31,Hughes electrical and electronic technology,https://images-na.ssl-images-amazon.com/images/P/0132060116.01.TZZZZZZZ.jpg,"Hughes, Edward | Hiley, John | Brown, Keith | Smith, Ian McKenzie",Electrical engineering -- Textbooks | Electronics -- Textbooks,9.78013E+12,New York : Pearson/Prentice Hall,0,0
32,Schaum's outline of theory and problems of electric circuits,https://images-na.ssl-images-amazon.com/images/P/0070601739.01.TZZZZZZZ.jpg,"Nahvi, Mahmood | Edminister, Joseph","Electric circuits -- Problems, exercises, etc",9.78007E+12,New Delhi : McGraw-Hill,0,0
33,Handbook of fingerprint recognition,https://images-na.ssl-images-amazon.com/images/P/1848822537.01.TZZZZZZZ.jpg,"Maltoni, Davide",Fingerprints -- Identification | Fingerprints -- Classification,9.78185E+12,London : Springer,0,0
34,Friction ridge skin : comparison and identification of fingerprints,https://images-na.ssl-images-amazon.com/images/P/084939502X.01.TZZZZZZZ.jpg,"Cowger, James F",Fingerprints -- Identification | Criminals -- Identification,9.78085E+12,New York : Elsevier,0,0
35,Automatic fingerprint recognition systems,https://images-na.ssl-images-amazon.com/images/P/0387955933.01.TZZZZZZZ.jpg,"Ratha, Nalini K | Bolle, Ruud",Fingerprints -- Identification | Fingerprints -- Data processing,9.78039E+12,New York : Springer,0,0
36,Advances in fingerprint technology,https://images-na.ssl-images-amazon.com/images/P/0849309239.01.TZZZZZZZ.jpg,"Lee, Henry C | Gaensslen, R. E",Fingerprints | Fingerprints -- Data processing,9.78085E+12,Boca Raton Fla. : CRC Press,0,0
37,Fingerprints : analysis and understanding,https://images-na.ssl-images-amazon.com/images/P/1420068644.01.TZZZZZZZ.jpg,"Hawthorne, Mark R",Fingerprints -- Identification | Fingerprints -- Classification,9.78142E+12,Boca Raton : CRC Press,0,0
38,Quantitative-qualitative friction ridge analysis : an introduction to basic and advanced ridgeology,https://images-na.ssl-images-amazon.com/images/P/0849370078.01.TZZZZZZZ.jpg,"Ashbaugh, David R",Fingerprints | Fingerprints -- Identification | Fingerprints -- Classification | Criminals -- Identification | Forensic sciences,9.78085E+12,Boca Raton Fla. : CRC Press,0,0
39,Fingerprints and other ridge skin impressions,https://images-na.ssl-images-amazon.com/images/P/0415271754.01.TZZZZZZZ.jpg,"Champod, Christophe",Fingerprints | Fingerprints -- Identification | Criminal investigation | Forensic sciences,9.78042E+12,Boca Raton FL : CRC Press,0,0
40,Computer organization and design : the hardware/software interface,/opac-tmpl/lib/famfamfam/silk/book.png,"Patterson, David A | Hennessy, John L",Computer organization | Computer engineering | Computer interfaces,9788181475976;,New Delhi : Morgan Kaufmann,0,0
41,A VHDL primer,https://images-na.ssl-images-amazon.com/images/P/0130965758.01.TZZZZZZZ.jpg,"Bhasker, Jayaram",VHDL (Computer hardware description language) | Behavioral Modeling | Dataflow,0130965758;,New Delhi : Prentice Hall,0,0
42,Digital design,https://images-na.ssl-images-amazon.com/images/P/8131714500.01.TZZZZZZZ.jpg,"Mano, M. Morris | Ciletti, Michael D",Electronic digital computers -- Circuits | Logic circuits | Logic design | Digital integrated circuits,9.78813E+12,New Delhi : Pearson,0,0
43,Logic in computer science : modelling and reasoning about systems,https://images-na.ssl-images-amazon.com/images/P/052154310X.01.TZZZZZZZ.jpg,"Huth, Michael | Ryan, Mark",Computer logic | Logic programming,052154310X;,New Delhi : Cambridge University Press,0,0
44,Take back your life! : using Microsoft Office Outlook 2007 to get organized and stay organized,https://images-na.ssl-images-amazon.com/images/P/0735623430.01.TZZZZZZZ.jpg,"McGhee, Sally | Wittry, John",Microsoft Outlook | Time management -- Computer programs | Personal information management -- Computer programs | Electronic mail systems -- Computer programs,9.78074E+12,New Delhi. : Microsoft Press,0,0
45,Microsoft office excel 2007 step by step,https://images-na.ssl-images-amazon.com/images/P/073562304X.01.TZZZZZZZ.jpg,"Frye, Curtis",Microsoft Excel (Computer file) | Business -- Computer programs | Electronic spreadsheets,9.78074E+12,New Delhi : Microsoft Press,0,0
46,Microsoft office word 2007 step by step,https://images-na.ssl-images-amazon.com/images/P/0735623023.01.TZZZZZZZ.jpg,"Cox, Joyce",Microsoft Office ;  OfficePackage,9.78074E+12,Redmond WA : Microsoft Press,0,0
47,Microsoft office powerpoint 2007 step by step,https://images-na.ssl-images-amazon.com/images/P/0735623015.01.TZZZZZZZ.jpg,"Cox, Joyce | Lambert, Joan",Microsoft PowerPoint (Computer file) | Presentation graphics software,9780735623019;,New Delhi. : Microsoft Press,0,0
48,"Seamless teamwork : using Microsoft SharePoint technologies to collaborate, innovate, and drive business in new ways  ",https://images-na.ssl-images-amazon.com/images/P/0735625611.01.TZZZZZZZ.jpg,"Sampson, Michael",Microsoft SharePoint (Electronic resource) | Intranets (Computer networks) | Web servers | Web portals,9780735625617;,New Delhi. : Microsoft,0,0
49,"Design to sell : use Microsoft Publisher to plan, write and design great marketing pieces  ",https://images-na.ssl-images-amazon.com/images/P/0735622604.01.TZZZZZZZ.jpg,"Parker, Roger C",Microsoft Publisher | Desktop publishing,0735622604;,Redmond Wash. : Microsoft Press,0,0
50,Share your story : blogging with MSN Spaces,https://images-na.ssl-images-amazon.com/images/P/0735622418.01.TZZZZZZZ.jpg,"Murray, Katherine | Torres, Michael","MSN Spaces -- Handbooks, manuals, etc | Blogs -- Computer programs -- Handbooks, manuals, etc | Web publishing -- Computer programs -- Handbooks, manuals, etc | Web sites -- Authoring programs -- Handbooks, manuals, etc",9780735622418;,New Delhi. : Microsoft Press,0,0
51,Operating system concepts,https://images-na.ssl-images-amazon.com/images/P/8126520515.01.TZZZZZZZ.jpg,"Silberschatz, Abraham | Galvin, Peter B | Gagne, Greg",Operating systems (Computers),9.78813E+12,Hoboken NJ : Wiley,0,0
52,Operating systems : internals and design principles,https://images-na.ssl-images-amazon.com/images/P/8131725286.01.TZZZZZZZ.jpg,"Stallings, William",Operating systems (Computers),9.78813E+12,New Delhi. : Prentice Hall,0,0
53,Operating systems : design and implementation,https://images-na.ssl-images-amazon.com/images/P/8120329554.01.TZZZZZZZ.jpg,"Tanenbaum, Andrew S | Woodhull, Albert S",MINIX | Operating systems (Computers),9.78812E+12,New Delhi: Pearson,0,0
54,Java : how to program,https://images-na.ssl-images-amazon.com/images/P/0132222205.01.TZZZZZZZ.jpg,"Deitel, Paul J",Java (Computer program language),0132222205;,New Delhi : Prentice Hall,0,0
55,Programming language pragmatics,https://images-na.ssl-images-amazon.com/images/P/0126339511.01.TZZZZZZZ.jpg,"Scott, Michael Lee",Programming languages (Electronic computers),9780126339512;,San Francisco CA : Morgan Kaufmann,0,0
56,The C++ programming language,https://images-na.ssl-images-amazon.com/images/P/8131705218.01.TZZZZZZZ.jpg,"Stroustrup, Bjarne",C++ (Computer program language),9.78813E+12,Reading Mass. : Addison-Wesley,0,0
57,Python in a nutshell,https://images-na.ssl-images-amazon.com/images/P/0596001886.01.TZZZZZZZ.jpg,"Martelli, Alex",Python (Computer program language),0596001886;,Beijing ; Sebastopol CA : O'Reilly,0,0
58,Python cookbook,https://images-na.ssl-images-amazon.com/images/P/817366479X.01.TZZZZZZZ.jpg,"Martelli, Alex | Martelli Ravenscroft, Anna | Ascher, David",Python (Computer program language),9.78817E+12,Beijing ; O'Reilly,0,0
59,Learning python,https://images-na.ssl-images-amazon.com/images/P/0596513984.01.TZZZZZZZ.jpg,"Lutz, Mark",Python (Computer program language),9780596513986;,Beijing ; Sebastopol : O'Reilly,0,0
60,C programming language,https://images-na.ssl-images-amazon.com/images/P/8120305965.01.TZZZZZZZ.jpg,"Kernighan, Brian W | Ritchie, Dennis M",C (Computer program language),9.78812E+12,Englewood Cliffs N.J. : Prentice Hall,0,0
61,More effective C++ : 35 new ways to improve your programs and designs,https://images-na.ssl-images-amazon.com/images/P/8177589806.01.TZZZZZZZ.jpg,"Meyers, Scott (Scott Douglas)",C++ (Computer program language),9.78818E+12,Reading Mass. : Addison-Wesley,0,0
62,Effective C++ : 55 specific ways to improve your programs and designs,https://images-na.ssl-images-amazon.com/images/P/8131714802.01.TZZZZZZZ.jpg,"Meyers, Scott (Scott Douglas)",C++ (Computer program language),9.78813E+12,Upper Saddle River NJ : Addison-Wesley,0,0
63,Data structures and algorithms in Java,https://images-na.ssl-images-amazon.com/images/P/8126515228.01.TZZZZZZZ.jpg,"Goodrich, Michael T | Tamassia, Roberto",Java (Computer program language) | Data structures (Computer science) | Computer algorithms,9.78813E+12,New Delhi : Wiley,0,0
64,C programming : a modern approach,https://images-na.ssl-images-amazon.com/images/P/0393979504.01.TZZZZZZZ.jpg,"King, K. N",C (Computer program language),9.78039E+12,New York : W. W. Norton,0,0
65,Core python programming,https://images-na.ssl-images-amazon.com/images/P/8131711889.01.TZZZZZZZ.jpg,"Chun, Wesley",Python (Computer program language),9.78813E+12,Upper Saddle River NJ : Prentice Hall,0,0
66,The nature of statistical learning theory,https://images-na.ssl-images-amazon.com/images/P/0387987800.01.TZZZZZZZ.jpg,"Vapnik, Vladimir Naumovich",Computational learning theory | Reasoning,9.78039E+12,New York : Springer,0,0
67,Security engineering : a guide to building dependable distributed systems,https://images-na.ssl-images-amazon.com/images/P/8126516674.01.TZZZZZZZ.jpg,"Anderson, Ross",Computer security | Electronic data processing -- Distributed processing,9.78813E+12,New Delhi : Wiley,0,0
68,Security and usability : designing secure systems that people can use,https://images-na.ssl-images-amazon.com/images/P/0596008279.01.TZZZZZZZ.jpg,"Cranor, Lorrie Faith | Garfinkel, Simson",Computer security,9.7806E+12,Beijing ; Sebastapol CA : O'Reilly,0,0
69,"Handbook of information security :  key concepts, infrastructure, standards, and protocols, vol I ",https://images-na.ssl-images-amazon.com/images/P/0471648302.01.TZZZZZZZ.jpg,"Bidgoli, Hossein",Computer networks -- Security measures | Home computer networks,9.78047E+12,Hoboken : Wiley,0,0
70,"Handbook of information security :  information warfare; social, legal, and international issues; and security foundations, vol II ",https://images-na.ssl-images-amazon.com/images/P/0471648310.01.TZZZZZZZ.jpg,"Bidgoli, Hossein",Computer networks -- Security measures | Home computer networks,471648310,Hoboken : Wiley,0,0
71,"Handbook of information security :  threats, vulnerabilities, prevention, detection, and management, vol III ",https://images-na.ssl-images-amazon.com/images/P/0471648329.01.TZZZZZZZ.jpg,"Bidgoli, Hossein",Computer networks -- Security measures | Home computer networks,9.78047E+12,Hoboken : Wiley,0,0
72,Phishing and countermeasures : understanding the increasing problem of electronic identity theft,https://images-na.ssl-images-amazon.com/images/P/0471782459.01.TZZZZZZZ.jpg,"Jakobsson, Markus | Myers, Steven",Phishing | Identity theft -- Prevention | Computer security,9.78047E+12,Hoboken N.J. : Wiley,0,0
73,Crimeware : understanding new attacks and defenses,https://images-na.ssl-images-amazon.com/images/P/0321501950.01.TZZZZZZZ.jpg,"Jakobsson, Markus | Ramzan, Zulfikar",Computer security | Internet -- Security measures | Computer crimes,9.78032E+12,Upper Saddle River NJ : Addison-Wesley,0,0
74,Introduction to computer security,https://images-na.ssl-images-amazon.com/images/P/0321247442.01.TZZZZZZZ.jpg,"Bishop, Matt (Matthew A.)",Computer security,9.78032E+12,Boston : Addison-Wesley,0,0
75,Fundamentals of computer security,https://images-na.ssl-images-amazon.com/images/P/8181289161.01.TZZZZZZZ.jpg,"Pieprzyk, Josef",Computer security | Cryptography,9.78818E+12,New York : Springer,0,0
76,Microsoft encyclopedia of security,https://images-na.ssl-images-amazon.com/images/P/0735618771.01.TZZZZZZZ.jpg,"Tulloch, Mitch",Computer security -- Encyclopedias | Computer networks -- Security measures -- Encyclopedias,0735618771;,Redmond Wash. : Microsoft Press,0,0
77,An integrated approach to software engineering,https://images-na.ssl-images-amazon.com/images/P/038720881X.01.TZZZZZZZ.jpg,"Jalote, Pankaj",Software engineering,9.78039E+12,New York : Springer,0,0
78,Software project management in practice,https://images-na.ssl-images-amazon.com/images/P/0201737213.01.TZZZZZZZ.jpg,"Jalote, Pankaj",Computer software -- Development -- Management,9.7802E+12,Boston : Addison-Wesley,0,0
79,CMM in practice : processes for executing software projects at Infosys,https://images-na.ssl-images-amazon.com/images/P/0201616262.01.TZZZZZZZ.jpg,"Jalote, Pankaj",Software engineering | Capability maturity model (Computer software),9.7802E+12,Reading Mass : Addison-Wesley,0,0
80,Interaction design : beyond human-computer interaction,https://images-na.ssl-images-amazon.com/images/P/8126512865.01.TZZZZZZZ.jpg,"Sharp, Helen | Rogers, Yvonne | Preece, Jenny",Human-computer interaction,9.78813E+12,Chichester ; Hoboken NJ : Wiley,0,0
81,Software project management : a unified framework,https://images-na.ssl-images-amazon.com/images/P/8177583786.01.TZZZZZZZ.jpg,"Royce, Walker",Computer software -- Development -- Management,9.78818E+12,Reading Mass. : Addison-Wesley,0,0
82,Learning the bash shell,https://images-na.ssl-images-amazon.com/images/P/0596009658.01.TZZZZZZZ.jpg,"Newham, Cameron | Rosenblatt, Bill",UNIX shells | UNIX (Computer file) | User interfaces (Computer systems),0596009658 ;,Mumbai ; O'Reilly,0,0
83,Linux in a nutshell,https://images-na.ssl-images-amazon.com/images/P/0596009305.01.TZZZZZZZ.jpg,"Siever, Ellen | Siever, Ellen. Linux in a nutshell",Linux | Operating systems (Computers),596009305,Beijing ; Sebastopol CA : O'Reilly,0,0
84,UNIX power tools,https://images-na.ssl-images-amazon.com/images/P/0596003307.01.TZZZZZZZ.jpg,"Powers, Shelley | Peek, Jerry. Unix power tools",UNIX (Computer file) | Utilities (Computer programs),0596003307;,Sebastopol CA : O'Reilly,0,0
85,An introduction to support vector machines : and other kernel-based learning methods,https://images-na.ssl-images-amazon.com/images/P/0521780195.01.TZZZZZZZ.jpg,"Cristianini, Nello | Shawe-Taylor, John",Support vector machines | Kernel functions,9.78052E+12,New York : Cambridge University Press,0,0
86,"Learning with kernels : support vector machines, regularization, optimization, and beyond  ",https://images-na.ssl-images-amazon.com/images/P/0262194759.01.TZZZZZZZ.jpg,"Schalkopf, Bernhard | Smola, Alexander J",Support vector machines | Kernel functions,9.78026E+12,Cambridge Mass. : MIT Press,0,0
87,Vision with direction: a systematic introduction to image processing and computer vision,https://images-na.ssl-images-amazon.com/images/P/3540273220.01.TZZZZZZZ.jpg,"Bigun, Josef",Image processing | Computer vision,9.78354E+12,Berlin ; New York : Springer,0,0
88,Digital image processing : PIKS inside,https://images-na.ssl-images-amazon.com/images/P/0471374075.01.TZZZZZZZ.jpg,"Pratt, William K",Image processing -- Digital techniques,0471374075 ;,New York : Wiley,0,0
89,"Web services : concepts, architectures, and applications  ",https://images-na.ssl-images-amazon.com/images/P/3540440089.01.TZZZZZZZ.jpg,"Alonso, Gustavo",Web services | Web site development | Middleware,3540440089;,New York : Springer,0,0
90,"Compilers : principles, techniques, & tools  ",https://images-na.ssl-images-amazon.com/images/P/8131721019.01.TZZZZZZZ.jpg,"Aho, Alfred V | Sethi, Ravi | Ullman, Jeffrey D",Compilers (Computer programs),9788131721018;,Boston : Pearson Education,0,0
91,Advanced compiler design and implementation,https://images-na.ssl-images-amazon.com/images/P/1558603204.01.TZZZZZZZ.jpg,"Muchnick, Steven S",Compilers (Computer programs) | Systems programming (Computer science),1558603204;,San Francisco Calif. : Morgan Kaufmann,0,0
92,Logic for applications,https://images-na.ssl-images-amazon.com/images/P/0387948937.01.TZZZZZZZ.jpg,"Nerode, Anil | Shore, Richard A","Computer science -- Mathematics | Logic, Symbolic and mathematical",9.78039E+12,New York : Springer,0,0
93,"RFID : applications, security, and privacy ",https://images-na.ssl-images-amazon.com/images/P/0321290968.01.TZZZZZZZ.jpg,"Rosenberg, Beth","Inventory control -- Automation | Radio frequency identification systems | Privacy, Right of -- United States",9.78032E+12,Upper Saddle River NJ : Addison-Wesley,0,0
94,Database security,https://images-na.ssl-images-amazon.com/images/P/0201593750.01.TZZZZZZZ.jpg,"Castano, Silvana",Database security,9.7802E+12,New York N.Y. : Addison-Wesley,0,0
95,Computer forensics and cyber crime : an introduction,https://images-na.ssl-images-amazon.com/images/P/0132447495.01.TZZZZZZZ.jpg,"Britz, Marjie",Computer security | Computer crimes,9.78013E+12,Upper Saddle River N.J. : Pearson,0,0
96,"Cyber crime investigations : bridging the gaps between security professionals, law enforcement, and prosecutors  ",https://images-na.ssl-images-amazon.com/images/P/1597491330.01.TZZZZZZZ.jpg,"Reyes, Anthony",Computer crimes -- Investigation,9.7816E+12,Rockland : Syngress,0,0
97,"Data mining for intelligence, fraud, & criminal detection : advanced analytics & information sharing technologies  ",https://images-na.ssl-images-amazon.com/images/P/1420067230.01.TZZZZZZZ.jpg,"Westphal, Christopher R. (Christopher Ralph)",Data mining in law enforcement -- United States,9.78142E+12,Boca Raton : CRC Press,0,0
98,Knowledge discovery for counterterrorism and law enforcement,https://images-na.ssl-images-amazon.com/images/P/1420073990.01.TZZZZZZZ.jpg,"Skillicorn, David B",Data mining in law enforcement | Terrorism -- Prevention,9.78142E+12,Boca Raton : CRC Press,0,0
99,Model-driven design using business patterns,https://images-na.ssl-images-amazon.com/images/P/3540301542.01.TZZZZZZZ.jpg,"Hruby, Pavel",Business -- Computer programs | Model-driven software architecture,9.78354E+12,New York : Springer,0,0
100,"Biometric system and data analysis : design, evaluation, and data mining  ",https://images-na.ssl-images-amazon.com/images/P/0387776257.01.TZZZZZZZ.jpg,"Dunstone, Ted | Yager, Neil",Biometry | Mathematical analysis | Data mining,9.78039E+12,New York : Springer,0,0
101,Cloud application architectures : [building applications and infrastructure in the Cloud],https://images-na.ssl-images-amazon.com/images/P/0596156367.01.TZZZZZZZ.jpg,"Reese, George",Internet programming | Cloud computing | Cloud Computing,0596156367;,Sebastopol CA : O'Reilly Media,0,0
102,Introduction to Java programming : comprehensive version,https://images-na.ssl-images-amazon.com/images/P/8131729583.01.TZZZZZZZ.jpg,"Liang, Y. Daniel",Java (Computer program language),9.78813E+12,Boston : Prentice Hall,0,0
103,Computer networks,https://images-na.ssl-images-amazon.com/images/P/8177581651.01.TZZZZZZZ.jpg,"Tanenbaum, Andrew S",Computer networks,9.78818E+12,Upper Saddle River NJ : Prentice Hall,0,0
104,A book on c : programming in c,https://images-na.ssl-images-amazon.com/images/P/8131724344.01.TZZZZZZZ.jpg,"Kelley, Al | Pohl, Ira",C (Computer program language),9.78813E+12,Reading Mass. : Addison-Wesley,0,0
105,Data mining and predictive analysis : intelligence gathering and crime analysis,https://images-na.ssl-images-amazon.com/images/P/0750677961.01.TZZZZZZZ.jpg,"McCue, Colleen","Crime analysis | Data mining in law enforcement | Law enforcement -- Data processing | Criminal behavior, Prediction of",9.78075E+12,Boston : Butterworth-Heinemann,0,0
106,Investigative data mining for security and criminal detection,https://images-na.ssl-images-amazon.com/images/P/0750676132.01.TZZZZZZZ.jpg,"Mena, Jesus",Data mining | Computer security | Crime prevention,750676132,Amsterdam ; Boston MA : Butterworth-Heinemann,0,0
107,Fundamentals of communication systems,https://images-na.ssl-images-amazon.com/images/P/8131705730.01.TZZZZZZZ.jpg,"Proakis, John G | Salehi, Masoud",Telecommunication systems | Telecommunication,9.78813E+12,Upper Saddle River N.J. : Pearson/Prentice Hall,0,0
108,Digital communications : fundamentals and applications,https://images-na.ssl-images-amazon.com/images/P/8131720926.01.TZZZZZZZ.jpg,"Sklar, Bernard",Digital communications,9788131720929;,Upper Saddle River N.J. : Prentice Hall,0,0
109,Computer networking : a top-down approach featuring the internet,https://images-na.ssl-images-amazon.com/images/P/8177588788.01.TZZZZZZZ.jpg,"Kurose, James F | Ross, Keith W",Internet | Computer networks,9.78818E+12,Boston : Pearson,0,0
110,"Algorithm design : foundations, analysis, and internet examples  ",https://images-na.ssl-images-amazon.com/images/P/8126509864.01.TZZZZZZZ.jpg,"Goodrich, Michael T | Tamassia, Roberto",Computer algorithms | Data structures (Computer science),9.78813E+12,New York : Wiley,0,0
111,Algorithm design,https://images-na.ssl-images-amazon.com/images/P/813170310X.01.TZZZZZZZ.jpg,"Kleinberg, Jon | Tardos, Eva",Computer algorithms | Data structures (Computer science),9.78813E+12,Boston : Pearson Education,0,0
112,Machine learning,https://images-na.ssl-images-amazon.com/images/P/1259096955.01.TZZZZZZZ.jpg,"Mitchell, Tom M",Machine learning | Computer algorithms,9.78126E+12,New York : McGraw Hill,0,0
113,Agile estimating and planning,https://images-na.ssl-images-amazon.com/images/P/813170548X.01.TZZZZZZZ.jpg,"Cohn, Mike",Computer software -- Development | Agile software development,9.78813E+12,Upper Saddle River NJ : Prentice Hall,0,0
114,Ajax for web application developers,https://images-na.ssl-images-amazon.com/images/P/0672329123.01.TZZZZZZZ.jpg,"Hadlock, Kris",Ajax (Web site development technology) | Web site development,9.78067E+12,Indianapolis IN : Sams,0,0
115,Algorithms in Java,https://images-na.ssl-images-amazon.com/images/P/8177587994.01.TZZZZZZZ.jpg,"Sedgewick, Robert",Java (Computer program language) | Computer algorithms,9.78818E+12,New Delhi : Pearson,0,0
116,"ATM networks : concepts, protocols, applications  ",https://images-na.ssl-images-amazon.com/images/P/8177585290.01.TZZZZZZZ.jpg,"Handel, Rainer | Huber, Manfred N | Schröder, Stefan",Asynchronous transfer mode | Integrated services digital networks | Broadband communication systems,9.78818E+12,Harlow England : Addison-Wesley,0,0
117,"Core security patterns : best practices and strategies for J2EE, web services, and identity management  ",https://images-na.ssl-images-amazon.com/images/P/8131701492.01.TZZZZZZZ.jpg,"Steel, Christopher | Nagappan, Ramesh | Lai, Ray",Java (Computer program language) | Computer security,9.78813E+12,Upper Saddle River NJ : Prentice Hall,0,0
118,Distributed computing : principles and applications,https://images-na.ssl-images-amazon.com/images/P/8131713326.01.TZZZZZZZ.jpg,"Liu, M. L",Electronic data processing -- Distributed processing,9.78813E+12,New Delhi : Pearson,0,0
119,Effective enterprise Java,https://images-na.ssl-images-amazon.com/images/P/0321130006.01.TZZZZZZZ.jpg,"Neward, Ted",Java (Computer program language),0321130006;,Boston : Pearson,0,0
120,"Embedded linux : hardware, software, and interfacing  ",/opac-tmpl/lib/famfamfam/silk/book.png,"Hollabaugh, Craig",Linux | Operating systems (Computers) | Embedded computer systems,9.78818E+11,Boston : Addison-Wesley,0,0
121,"Genetic algorithms in search, optimization, and machine learning ",https://images-na.ssl-images-amazon.com/images/P/817758829X.01.TZZZZZZZ.jpg,"Goldberg, David E. (David Edward)",Genetic algorithms | Machine learning,9.78818E+12,New Delhi : Addison-Wesley,0,0
122,Network security essentials : applications and standards,https://images-na.ssl-images-amazon.com/images/P/0132380331.01.TZZZZZZZ.jpg,"Stallings, William",Computer networks -- Security measures | Computer security,0132380331 ;,Upper Saddle River NJ : Pearson Education,0,0
123,An introduction to object-oriented programming,/opac-tmpl/lib/famfamfam/silk/book.png,"Budd, Timothy",Object-oriented programming (Computer science),9.78818E+12,Delhi : Pearson Education,0,0
124,Prolog programming for artificial intelligence,https://images-na.ssl-images-amazon.com/images/P/813171134X.01.TZZZZZZZ.jpg,"Bratko, Ivan",Artificial intelligence -- Data processing | Prolog (Computer program language),9.78813E+12,New York : Pearson,0,0
125,The design and analysis of computer algorithms,https://images-na.ssl-images-amazon.com/images/P/8131702057.01.TZZZZZZZ.jpg,"Aho, Alfred V | Hopcroft, John E | Ullman, Jeffrey D",Computer programming | Computer algorithms,9.78813E+12,New Delhi : Pearson,0,0
126,Software quality assurance,https://images-na.ssl-images-amazon.com/images/P/813172395X.01.TZZZZZZZ.jpg,"Galin, Daniel",Computer software -- Quality control,9.78813E+12,New Delhi : Pearson,0,0
127,Design patterns in Java,https://images-na.ssl-images-amazon.com/images/P/8131713083.01.TZZZZZZZ.jpg,"Metsker, Steven John | Wake, William C",Java (Computer program language) | Software patterns,9.78813E+12,New Delhi : Pearson,0,0
128,Programming perl,https://images-na.ssl-images-amazon.com/images/P/8173662657.01.TZZZZZZZ.jpg,"Wall, Larry | Christiansen, Tom | Orwant, Jon",Perl (Computer program language),9.78817E+12,New Delhi : O'Reilly,0,0
129,Cryptography and network security,https://images-na.ssl-images-amazon.com/images/P/0070660468.01.TZZZZZZZ.jpg,"Forouzan, Behrouz A",Computer networks -- Security measures | Cryptography,9.78007E+12,New Delhi : Tata McGraw Hill,0,0
130,Real-time systems,https://images-na.ssl-images-amazon.com/images/P/8177585754.01.TZZZZZZZ.jpg,"Liu, Jane W. S",Real-time data processing,9.78818E+12,New Delhi : Pearson,0,0
131,Running linux,https://images-na.ssl-images-amazon.com/images/P/8184042728.01.TZZZZZZZ.jpg,"Dalheimer, Matthias Kalle | Welsh, Matt",Linux | Operating systems (Computers),9.78818E+12,New Delhi : O'Reilly,0,0
132,Neuro-fuzzy and soft computing : a computational approach to learning and machine intelligence,https://images-na.ssl-images-amazon.com/images/P/8131711099.01.TZZZZZZZ.jpg,"Jang, Jyh-Shing Roger | Sun, Chuen-Tsai | Mizutani, Eiji",Soft computing | Neural networks (Computer science) | Fuzzy systems,9.78813E+12,New Delhi : Prentice Hall,0,0
133,Introduction to data communications and networking,https://images-na.ssl-images-amazon.com/images/P/8131709302.01.TZZZZZZZ.jpg,"Tomasi, Wayne",Data transmission systems | Computer networks,9.78813E+12,New Delhi : Pearson,0,0
134,Ad Hoc wireless networks : architectures and protocols,https://images-na.ssl-images-amazon.com/images/P/8131706885.01.TZZZZZZZ.jpg,"Murthy, C. Siva Ram | Manoj, B. S",Wireless communication systems | Routers (Computer networks) | Computer network architectures,9.78813E+12,New Delhi : Prentice Hall,0,0
135,WAP-the wireless application protocol : writing applications for the mobile Internet,https://images-na.ssl-images-amazon.com/images/P/813170128X.01.TZZZZZZZ.jpg,"Singhal, Sandeep",Computer network protocols | Wireless Internet | Wireless communication systems | Mobile communication systems | Wireless Application Protocol (Computer network protocol),9.78813E+12,New Delhi : Addison-Wesley,0,0
136,Applying UML and patterns : an introduction to object-oriented analysis and design and iterative development,https://images-na.ssl-images-amazon.com/images/P/8177589792.01.TZZZZZZZ.jpg,"Larman, Craig",Object-oriented methods (Computer science) | UML (Computer science) | System analysis | System design,9.78818E+12,New Delhi : Prentice Hall,0,0
137,Distributed systems : concepts and design,https://images-na.ssl-images-amazon.com/images/P/8131718409.01.TZZZZZZZ.jpg,"Coulouris, George F | Dollimore, Jean | Kindberg, Tim",Electronic data processing -- Distributed processing,9.78813E+12,New Delhi : Pearson,0,0
138,Networking bible,https://images-na.ssl-images-amazon.com/images/P/8126523727.01.TZZZZZZZ.jpg,"Sosinsky, Barrie Paul",Computer Science,9.78813E+12,New Delhi : WIley,0,0
139,The road ahead,https://images-na.ssl-images-amazon.com/images/P/0670772895.01.TZZZZZZZ.jpg,"Gates, Bill | Myhrvold, Nathan | Rinearson, Peter",Information superhighway -- United States | Information technology -- United States | Computer networks -- United States | Telecommunication -- United States | Computer industry -- United States,9780670772896;,New York : Viking,0,0
140,Data structures using C and C++,https://images-na.ssl-images-amazon.com/images/P/8120311779.01.TZZZZZZZ.jpg,"Langsam, Yedidyah | Augenstein, Moshe | Tenenbaum, Aaron M",C (Computer program language) | C++ (Computer program language) | Data structures (Computer science),9.78812E+12,New Delhi : Prentice Hall,0,0
141,Algorithms in C,https://images-na.ssl-images-amazon.com/images/P/8131712915.01.TZZZZZZZ.jpg,"Sedgewick, Robert",C (Computer program language) | Computer algorithms,9.78813E+12,New Delhi : Pearson,0,0
142,Fundamentals of algorithmics,https://images-na.ssl-images-amazon.com/images/P/8120311310.01.TZZZZZZZ.jpg,"Brassard, Gilles | Bratley, Paul",Algorithms,9.78812E+12,New Delhi : Prentice Hall,0,0
143,Data structures and algorithm analysis in C++,https://images-na.ssl-images-amazon.com/images/P/8131714748.01.TZZZZZZZ.jpg,"Weiss, Mark Allen",C   (Computer program language) | Data structures (Computer science) | Computer algorithms,9.78813E+12,New Delhi : Pearson,0,0
144,Algorithms,https://images-na.ssl-images-amazon.com/images/P/8131708683.01.TZZZZZZZ.jpg,"Johnsonbaugh, Richard | Schaefer, Marcus",Computer algorithms,9.78813E+12,New Delhi : Pearson Education,0,0
145,Algorithms,https://images-na.ssl-images-amazon.com/images/P/0070636613.01.TZZZZZZZ.jpg,"Dasgupta, Sanjoy | Papadimitriou, Christos H | Vazirani, Umesh Virkumar",Algorithms -- Textbooks | Computer algorithms -- Textbooks,9.78007E+12,New Delhi : McGraw Hill Education,0,0
146,Computer systems design and architecture,https://images-na.ssl-images-amazon.com/images/P/8177584839.01.TZZZZZZZ.jpg,"Heuring, Vincent P | Jordan, Harry F | Murdocca, Miles",System design | Computer architecture,9788177584837;,New Delhi : Pearson,0,0
147,Computer system architecture,https://images-na.ssl-images-amazon.com/images/P/8131700704.01.TZZZZZZZ.jpg,"Mano, M. Morris",Computer architecture | Electronic digital computers,9.78813E+12,New Delhi : Pearson,0,0
148,Computer systems organization & architecture,https://images-na.ssl-images-amazon.com/images/P/8177587676.01.TZZZZZZZ.jpg,"Carpinelli, John D",Computer organization | Computer architecture,9.78818E+12,New Delhi : Pearson,0,0
149,Digital logic and state machine design,https://images-na.ssl-images-amazon.com/images/P/0198092091.01.TZZZZZZZ.jpg,"Comer, David J",Switching circuits | Digital electronics | Logic design | Sequential machine theory,9.7802E+12,New Delhi : Oxford University Press,0,0
150,Introduction to logic and computer design,https://images-na.ssl-images-amazon.com/images/P/0070667144.01.TZZZZZZZ.jpg,"Marcovitz, Alan B",Logic design | Logic circuits | Electronic digital computers -- Circuits,9.78007E+12,New Delhi : TMH,0,0
151,Digital logic design principles,https://images-na.ssl-images-amazon.com/images/P/812651258X.01.TZZZZZZZ.jpg,"Balabanian, Norman | Carlson, Bradley",Digital electronics | Logic design,9.78813E+12,New Delhi : Wiley,0,0
152,Theory of computation,https://images-na.ssl-images-amazon.com/images/P/8131505138.01.TZZZZZZZ.jpg,"Sipser, Michael",Machine theory | Computational complexity,9.78813E+12,New Delhi : Cengage Learning,0,0
153,The theory of computation,https://images-na.ssl-images-amazon.com/images/P/8131708705.01.TZZZZZZZ.jpg,"Moret, B. M. E. (Bernard M. E.)",Machine theory,9.78813E+12,New Delhi : Pearson,0,0
154,An introduction to database systems,https://images-na.ssl-images-amazon.com/images/P/8177585568.01.TZZZZZZZ.jpg,"Date, C. J",Database management,9.78818E+12,New Delhi : Pearson,0,0
155,Database system implementation,https://images-na.ssl-images-amazon.com/images/P/8131704130.01.TZZZZZZZ.jpg,"Garcia-Molina, Hector | Ullman, Jeffrey D | Widom, Jennifer",Database management,9.78813E+12,New Delhi : Pearson,0,0
156,Computer networks : a systems approach,https://images-na.ssl-images-amazon.com/images/P/8131210456.01.TZZZZZZZ.jpg,"Peterson, Larry L | Davie, Bruce S",Computer networks,9.78813E+12,New Delhi : Elsevier,0,0
157,Data communications and networking,https://images-na.ssl-images-amazon.com/images/P/0070634149.01.TZZZZZZZ.jpg,"Forouzan, Behrouz A | Fegan, Sophia Chung","Data transmission systems | Computer networks | Computer Science and Engineering	 | Data Link",9.78007E+12,New Delhi : Tata McGraw Hill,0,0
158,"An engineering approach to computer networking : ATM networks, the internet, and the telephone network  ",https://images-na.ssl-images-amazon.com/images/P/8131711455.01.TZZZZZZZ.jpg,"Keshav, Srinivasan",Computer networks | Asynchronous transfer mode | Internet | Telephone systems,9.78813E+12,New Delhi : Pearson,0,0
159,UNIX network programming,https://images-na.ssl-images-amazon.com/images/P/8120307496.01.TZZZZZZZ.jpg,"Stevens, W. Richard",UNIX (Computer file) | Computer networks | Internet programming,9.78812E+12,New Delhi : PHI,0,0
160,Operating systems : a design-oriented approach,https://images-na.ssl-images-amazon.com/images/P/0074635514.01.TZZZZZZZ.jpg,"Crowley, Charles (Charles Patrick)",Operating systems (Computers),9.78007E+12,New Delhi : TMH,0,0
161,Operating systems,https://images-na.ssl-images-amazon.com/images/P/0074632736.01.TZZZZZZZ.jpg,"Madnick, Stuart E | Donovan, John J",Operating systems (Computers),9.78007E+12,New Delhi : TMH,0,0
162,Operating systems : concepts and design,https://images-na.ssl-images-amazon.com/images/P/0074632728.01.TZZZZZZZ.jpg,"Milenkovič, Milan",Operating systems (Computers),9.78007E+12,New Delhi : TMH,0,0
163,Operating systems,https://images-na.ssl-images-amazon.com/images/P/8131723593.01.TZZZZZZZ.jpg,"Nutt, Gary J",Operating systems (Computers),9.78813E+12,New Delhi : Pearson,0,0
164,Handbook of applied cryptography,https://images-na.ssl-images-amazon.com/images/P/0849385237.01.TZZZZZZZ.jpg,"Menezes, A. J. (Alfred J.) | Van Oorschot, Paul C | Vanstone, Scott A","Computers -- Access control -- Handbooks, manuals, etc | Cryptography -- Handbooks, manuals, etc",9.78085E+12,Boca Raton : CRC Press,0,0
165,Computer architecture and organization,https://images-na.ssl-images-amazon.com/images/P/0071159975.01.TZZZZZZZ.jpg,"Hayes, John P. (John Patrick)",Computer architecture | Electronic digital computers -- Design and construction,9.78007E+12,Boston : WCB/McGraw-Hill,0,0
166,Computer organization,https://images-na.ssl-images-amazon.com/images/P/0071204113.01.TZZZZZZZ.jpg,"Hamacher, V. Carl | Vranesic, Zvonko G | Zaky, Safwat G",Computer organization,9.78007E+12,New Delhi : McGraw-Hill,0,0
167,Digital communications,https://images-na.ssl-images-amazon.com/images/P/0071263780.01.TZZZZZZZ.jpg,"Proakis, John G | Salehi, Masoud",Digital communications,9780071263788;,Boston : McGraw-Hill,0,0
168,Cryptography : theory and practice,https://images-na.ssl-images-amazon.com/images/P/1584885084.01.TZZZZZZZ.jpg,"Stinson, Douglas R",Coding theory | Cryptography,9.78158E+12,Boca Raton : Wiley,0,0
169,Data structures and program design in C,https://images-na.ssl-images-amazon.com/images/P/8177584235.01.TZZZZZZZ.jpg,"Kruse, Robert L. (Robert Leroy) | Leung, Bruce P | Tondo, Clovis L",C (Computer program language),9.78818E+12,Englewood Cliffs N.J. : Prentice Hall,0,0
170,Java web services in a nutshell,https://images-na.ssl-images-amazon.com/images/P/0596003994.01.TZZZZZZZ.jpg,"Topley, Kim",Web services | Internet programming | Application program interfaces (Computer software) | Java (Computer program language),0596003994;,Beijing ; Sebastopol CA : O'Reilly,0,0
171,Java web services : up and running,https://images-na.ssl-images-amazon.com/images/P/059652112X.01.TZZZZZZZ.jpg,"Kalin, Martin",Web site development | Java (Computer program language) | Application software -- Development,9.7806E+12,Beijing ; Sebastopol Calif. : O'Reilly,0,0
172,Terrorism informatics : knowledge management and data mining for homeland security,https://images-na.ssl-images-amazon.com/images/P/0387716122.01.TZZZZZZZ.jpg,"Chen, Hsinchun | Edna Reid",Data mining,9.78039E+12,New York : Springer,0,0
173,Advanced programming in the unix environment,https://images-na.ssl-images-amazon.com/images/P/8131700054.01.TZZZZZZZ.jpg,"Stevens, W. Richard | Rago, Stephen A",UNIX (Computer file) | Operating systems (Computers),9.78813E+12,Upper Saddle River NJ. : Addison-Wesley,0,0
174,"UNIX network programming :  Interprocess communications, vol II ",https://images-na.ssl-images-amazon.com/images/P/812032062X.01.TZZZZZZZ.jpg,"Stevens, W. Richard",UNIX (Computer file) | Computer networks | Internet programming,9.78812E+12,Upper Saddle River NJ : Prentice Hall,0,0
175,Smartphone operating system concepts with symbian OS : a tutorial guide,https://images-na.ssl-images-amazon.com/images/P/0470034491.01.TZZZZZZZ.jpg,"Jipping, Michael J",Symbian OS (Computer file) | Cell phones -- Computer programs | Pocket computers -- Computer programs,9.78047E+12,Chichester England ; Hoboken NJ : John Wiley & Sons,0,0
176,Digital image processing,https://images-na.ssl-images-amazon.com/images/P/8131726959.01.TZZZZZZZ.jpg,"Gonzalez, Rafael C | Woods, Richard E",Image processing -- Digital techniques,9788131726952;,New Delhi : Pearson,0,0
177,An integrated approach to software engineering,https://images-na.ssl-images-amazon.com/images/P/8173197024.01.TZZZZZZZ.jpg,"Jalote, Pankaj",Software engineering,9.78817E+12,New Delhi: Narosa,0,0
178,Introduction to computer security,https://images-na.ssl-images-amazon.com/images/P/8177584251.01.TZZZZZZZ.jpg,"Bishop, Matt",Computer security,9.78818E+12,Boston : Pearson,0,0
179,Verilog HDL : a guide to digital design and synthesis,https://images-na.ssl-images-amazon.com/images/P/8177589180.01.TZZZZZZZ.jpg,"Palnitkar, Samir",Verilog (Computer hardware description language),9.78818E+12,Upper Saddle River NJ : SunSoft Press,0,0
180,The art of multiprocessor programming,https://images-na.ssl-images-amazon.com/images/P/0123705916.01.TZZZZZZZ.jpg,"Herlihy, Maurice | Shavit, Nir",Multiprogramming (Electronic computers) | Multiprocessors,9780123705914;,Amsterdam ; Boston : Elsevier/Morgan Kaufmann,0,0
181,Computer architecture : a quantitative approach,https://images-na.ssl-images-amazon.com/images/P/0123704901.01.TZZZZZZZ.jpg,"Hennessy, John L | Patterson, David A | Arpaci-Dusseau, Andrea C",Computer architecture,0123704901;,Amsterdam ; Boston : Morgan Kaufmann,0,0
182,Digital integrated electronics,https://images-na.ssl-images-amazon.com/images/P/0070265089.01.TZZZZZZZ.jpg,"Taub, Herbert | Schilling, Donald L",Digital electronics | Integrated circuits,9.78007E+12,New York : McGraw-Hill,0,0
183,Artificial intelligence : structures and strategies for complex problem solving,https://images-na.ssl-images-amazon.com/images/P/8131723275.01.TZZZZZZZ.jpg,"Luger, George F",Artificial intelligence | Knowledge representation (Information theory) | Problem solving | Prolog (Computer program language) | LISP (Computer program language),9.78813E+12,Boston : Pearson/Addison Wesley,0,0
184,Distributed operating systems & algorithms analysis,https://images-na.ssl-images-amazon.com/images/P/8131728595.01.TZZZZZZZ.jpg,"Chow, Randy | Johnson, Theodore",Distributed operating systems (Computers) | Computer algorithms,9.78813E+12,New Delhi : Pearson,0,0
185,Computer graphics :  C version,https://images-na.ssl-images-amazon.com/images/P/817758765X.01.TZZZZZZZ.jpg,"Hearn, Donald | Baker, M. Pauline",Computer graphics | C (Computer program language),9.78818E+12,New Delhi : Pearson,0,0
186,Mathematical elements for computer graphics,https://images-na.ssl-images-amazon.com/images/P/0070486778.01.TZZZZZZZ.jpg,"Rogers, David F | Adams, J. Alan",Computer graphics,9.78007E+12,New York : McGraw-Hill,0,0
187,"Multimedia : computing, communications, and applications  ",https://images-na.ssl-images-amazon.com/images/P/8177584413.01.TZZZZZZZ.jpg,"Steinmetz, Ralf | Nahrstedt, Klara",Multimedia systems,9.78818E+12,Upper Saddle River NJ : Prentice Hall,0,0
188,"Neural networks : algorithms, applications, and programming techniques  ",https://images-na.ssl-images-amazon.com/images/P/813170808X.01.TZZZZZZZ.jpg,"Freeman, James A | Skapura, David M",Neural networks (Computer science) | Computer algorithms,9.78813E+12,New Delhi : Pearson,0,0
189,Neural networks in computer intelligence,https://images-na.ssl-images-amazon.com/images/P/0070532826.01.TZZZZZZZ.jpg,"Fu, LiMin",Neural networks (Computer science) | Artificial intelligence,9.78007E+12,New York : McGraw-Hill,0,0
190,"Soft computing and intelligent systems design : theory, tools, and applications ",https://images-na.ssl-images-amazon.com/images/P/8131723240.01.TZZZZZZZ.jpg,"Karray, Fakhreddine O | De Silva, Clarence W",Soft computing | Expert systems (Computer science),9.78813E+12,Harlow England ; New York : Pearson/Addison-Wesley,0,0
191,Coders at work : reflections on the craft of programming,https://images-na.ssl-images-amazon.com/images/P/1430219483.01.TZZZZZZZ.jpg,"Seibel, Peter",Computer programmers -- Interviews | Computer programming | Programmatuurtechniek | Computerprogrammeurs | Programmierer | Programmierung,9.78143E+12,[New York] : Apress,0,0
192,Internet cryptography,/opac-tmpl/lib/famfamfam/silk/book.png,"Smith, Richard E",Internet -- Security measures | Data encryption (Computer science),9.78813E+12,New Delhi : Pearson Education,0,0
193,Introduction to data compression,https://images-na.ssl-images-amazon.com/images/P/8131206246.01.TZZZZZZZ.jpg,"Sayood, Khalid",Data compression (Telecommunication) | Coding theory,9.78813E+12,New Delhi : Elsevier,0,0
194,Introduction to the design & analysis of algorithms,https://images-na.ssl-images-amazon.com/images/P/8131718379.01.TZZZZZZZ.jpg,"Levitin, Anany",Computer algorithms,9.78813E+12,Boston : Pearson/Addison-Wesley,0,0
195,Modern information retrieval,https://images-na.ssl-images-amazon.com/images/P/8131709779.01.TZZZZZZZ.jpg,"Baeza-Yates, R | Ribeiro-Neto, Berthier",Information storage and retrieval systems,9.78813E+12,New Delhi :  Pearson,0,0
196,Digital communications,https://images-na.ssl-images-amazon.com/images/P/8126508248.01.TZZZZZZZ.jpg,"Haykin, Simon S",Digital communications,9.78813E+12,New York : Wiley,0,0
197,Communication systems engineering,https://images-na.ssl-images-amazon.com/images/P/8120327500.01.TZZZZZZZ.jpg,"Proakis, John G | Salehi, Masoud",Telecommunication | Telecommunication,9.78812E+12,Upper Saddle River N.J. : Prentice Hall,0,0
198,Microsoft manual of style for technical publications,https://images-na.ssl-images-amazon.com/images/P/0735617465.01.TZZZZZZZ.jpg,Microsoft Corporation Editorial Style Board,"Microsoft Corporation | Technical writing -- Handbooks, manuals, etc",0735617465 ;,Redmond Wash : Microsoft Press,0,0
199,"Foundations of cryptography : basic tools, vol I ",https://images-na.ssl-images-amazon.com/images/P/0521670527.01.TZZZZZZZ.jpg,"Goldreich, Oded",Coding theory | Cryptography -- Mathematics,9.78052E+12,Cambridge : Cambridge University Press,0,0
200,"Foundations of cryptography : basic applications, vol II  ",https://images-na.ssl-images-amazon.com/images/P/0521670411.01.TZZZZZZZ.jpg,"Goldreich, Oded",Coding theory | Cryptography -- Mathematics,9.78052E+12,Cambridge : Cambridge University Press,0,0
